Shop_Slug,Shop_Name,Shop_Province,Shop_Created_At
isuzu-tay-bac-sai-gon,ISUZU TÂY BẮC SÀI GÒN,Hồ Chí Minh,2025-03-12
hyundai-kontum,HYUNDAI KONTUM,Kon Tum,2025-03-06
binh-thuan-ford,BÌNH THUẬN FORD,Bình Thuận,2025-03-06
geely-can-tho,GEELY CẦN THƠ,Cần Thơ,2025-03-18
volvo-ha-noi,VOLVO HÀ NỘI,Hà Nội,2025-03-12
vinfast-cuu-long-can-tho,VINFAST CỬU LONG CẦN THƠ,Cần Thơ,2025-05-15
sai-gon-ngoi-sao,SÀI GÒN NGÔI SAO,Hồ Chí Minh,2025-03-06
honda-oto-can-tho,HONDA ÔTÔ CẦN THƠ,Cần Thơ,2025-03-06
toyota-long-bien,TOYOTA LONG BIÊN,Hà Nội,2025-03-06
hyundai-gia-lai,HYUNDAI GIA LAI,Gia Lai,2025-03-06
lynk-co-nghe-an,LYNK & CO NGHỆ AN,Nghệ An,2025-05-12
isuzu-dai-thinh,ISUZU ĐẠI THỊNH,Đà Nẵng,2025-03-06
geely-thai-nguyen,GEELY THÁI NGUYÊN,Thái Nguyên,2025-03-18
lynk-co-da-nang,LYNK & CO ĐÀ NẴNG,Đà Nẵng,2025-05-14
lynk-co-vung-tau,LYNK & CO VŨNG TÀU,Bà Rịa - Vũng Tàu,2025-03-12
lynk-co-sai-gon,LYNK & CO SÀI GÒN,Hồ Chí Minh,2025-03-12
hyundai-son-tra,HYUNDAI SƠN TRÀ,Đà Nẵng,2025-03-06
hyundai-kien-giang,HYUNDAI KIÊN GIANG,Kiên Giang,2025-03-12
hyundai-binh-dinh,HYUNDAI BÌNH ĐỊNH,Bình Định,2025-03-06
hyundai-vinh-thinh,HYUNDAI VĨNH THỊNH,Bình Phước,2025-03-12
mitsubishi-khanh-hoa,MITSUBISHI KHÁNH HÒA,Ninh Thuận,2025-04-23
mitsubishi-lam-dong,MITSUBISHI LÂM ĐỒNG,Lâm Đồng,2025-03-06
binh-duong-ford,BÌNH DƯƠNG FORD,Bình Dương,2025-03-06
lynk-co-ha-long,LYNK & CO HẠ LONG,Quảng Ninh,2025-03-12
volvo-car-da-nang,VOLVO CAR ĐÀ NẴNG,Đà Nẵng,2025-03-12
volvo-dong-sai-gon,VOLVO ĐÔNG SÀI GÒN,Hồ Chí Minh,2025-03-12
volvo-car-sai-gon,VOLVO CAR SÀI GÒN,Hồ Chí Minh,2025-03-12
lynk-co-pham-van-dong,LYNK & CO PHẠM VĂN ĐỒNG,Hà Nội,2025-03-12
lynk-co-long-bien,LYNK & CO LONG BIÊN,Hà Nội,2025-03-12
hyundai-phu-lam,HYUNDAI PHÚ LÂM,Hồ Chí Minh,2025-03-06
lynk-co-thai-nguyen,LYNK & CO THÁI NGUYÊN,Thái Nguyên,2025-05-12
toyota-tay-ninh,TOYOTA TÂY NINH,Tây Ninh,2025-03-06
lynk-co-da-lat,LYNK & CO ĐÀ LẠT,Lâm Đồng,2025-05-12
lynk-co-ha-tinh,LYNK & CO HÀ TĨNH,Hà Tĩnh,2025-03-12
lynk-co-thanh-hoa,LYNK & CO THANH HÓA,Thanh Hóa,2025-03-12
hyundai-tay-do,HYUNDAI TÂY ĐÔ,Cần Thơ,2025-03-06
hyundai-hung-thinh-truck-bus,HYUNDAI HƯNG THINH TRUCK & BUS,Đà Nẵng,2025-03-12
lynk-co-vinh-phuc,LYNK & CO VĨNH PHÚC,Vĩnh Phúc,2025-03-12
lynk-co-hai-phong,LYNK & CO HẢI PHÒNG,Hải Phòng,2025-03-12
lynk-co-buon-ma-thuot,LYNK & CO BUÔN MA THUỘT,Đắk Lắk,2025-05-12
lynk-co-vo-van-kiet,LYNK & CO VÕ VĂN KIỆT,Hồ Chí Minh,2025-05-12
tay-ninh-ford,TÂY NINH FORD,Tây Ninh,2025-03-06
toyota-ninh-binh,TOYOTA NINH BÌNH,Ninh Bình,2025-03-06
mitsubishi-binh-thuan,MITSUBISHI BÌNH THUẬN,Bình Thuận,2025-03-06
hyundai-song-han,HYUNDAI SÔNG HÀN,Đà Nẵng,2025-03-06
can-tho-ford,CẦN THƠ FORD,Cần Thơ,2025-03-06
lynk-co-can-tho,LYNK & CO CẦN THƠ,Cần Thơ,2025-03-11
geely-ha-long,GEELY HẠ LONG,Quảng Ninh,2025-03-18
toyota-ly-thuong-kiet,TOYOTA LÝ THƯỜNG KIỆT,Hồ Chí Minh,2025-03-06
geely-phu-my-hung,GEELY PHÚ MỸ HƯNG,Hồ Chí Minh,2025-03-18
toyota-hai-duong,TOYOTA HẢI DƯƠNG,Hải Dương,2025-03-06
mitsubishi-ba-ria-vung-tau,MITSUBISHI BÀ RỊA-VŨNG TÀU,Bà Rịa - Vũng Tàu,2025-03-06
sai-gon-ford,SÀI GÒN FORD,Hồ Chí Minh,2025-03-06
nissan-tan-phu,NISSAN TÂN PHÚ,Hồ Chí Minh,2025-03-06
geely-giai-phong,GEELY GIẢI PHÓNG,Hà Nội,2025-03-18
mitsubishi-truong-chinh,MITSUBISHI TRƯỜNG CHINH,Hồ Chí Minh,2025-03-06
mitsubishi-tay-ninh,MITSUBISHI TÂY NINH,Tây Ninh,2025-03-06
ben-thanh-ford,BẾN THÀNH FORD,Hồ Chí Minh,2025-03-06
geely-binh-duong,GEELY BÌNH DƯƠNG,Bình Dương,2025-03-18
toyota-nam-dinh,TOYOTA NAM ĐỊNH,Nam Định,2025-03-11
gia-dinh-ford,GIA ĐỊNH FORD,Hồ Chí Minh,2025-03-06
mitsubishi-savico-da-nang,MITSUBISHI SAVICO ĐÀ NẴNG,Đà Nẵng,2025-03-06
toyota-phap-van,TOYOTA PHÁP VÂN,Hà Nội,2025-03-06
toyota-can-tho,TOYOTA CẦN THƠ,Cần Thơ,2025-02-27
geely-ha-tinh,GEELY HÀ TĨNH,Hà Tĩnh,2025-03-18
geely-hai-phong,GEELY HẢI PHÒNG,Hải Phòng,2025-03-18
geely-vinh-phuc,GEELY VĨNH PHÚC,Vĩnh Phúc,2025-03-18
geely-thanh-hoa,GEELY THANH HÓA,Thanh Hóa,2025-03-18
geely-da-nang,GEELY ĐÀ NẴNG,Đà Nẵng,2025-03-18
geely-long-bien,GEELY LONG BIÊN,Hà Nội,2025-03-18
geely-dak-lak,GEELY ĐẮK LẮK,Đắk Lắk,2025-03-18
geely-binh-phuoc,GEELY BÌNH PHƯỚC,Bình Phước,2025-03-18
geely-vinh,GEELY VINH,Nghệ An,2025-03-18
mitsubishi-quang-nam,MITSUBISHI QUẢNG NAM,Quảng Nam,2025-03-06
mitsubishi-long-an,MITSUBISHI LONG AN,Long An,2025-03-06
hai-duong-ford,HẢI DƯƠNG FORD,Hải Dương,2025-03-06
volvo-car-vietnam,VOLVO CAR VIETNAM,Hồ Chí Minh,2025-02-20
lynk-co,LYNK & CO,Hà Nội,2025-02-20
